filename,Keep,Keep_All,Path,Species_binomial,Genus,sampleCode,speciesCode,Plot,Path_Demo,mzmine_sample_type,Count,run_date,Family
alcgla_MDP0304.mzXML,No,Yes,UT_Box:Metabolomic_Data_2020_Method/Madidi/Madidi_mzXML/MDP0304.mzXML,Alchornea glandulosa,Alchornea,/Users/dlforrister/Downloads/Test_Panama_New_Data/mzXML_Madidi/alcgla_MDP0304.mzXML,alcgla,PP_Lomaka_40,/Users/dlforrister/Downloads/Test_Panama_New_Data/mzXML_Madidi/alcgla_MDP0304.mzXML,sample,6,,Euphorbiaceae
alcgla_MDP0461.mzXML,No,No,UT_Box:Metabolomic_Data_2020_Method/Madidi/Madidi_mzXML/MDP0461.mzXML,Alchornea glandulosa,Alchornea,/Users/dlforrister/Downloads/Test_Panama_New_Data/mzXML_Madidi/alcgla_MDP0461.mzXML,alcgla,PP_Tocoaq_28,/Users/dlforrister/Downloads/Test_Panama_New_Data/mzXML_Madidi/alcgla_MDP0461.mzXML,sample,6,,Euphorbiaceae
alcgla_MDP0002.mzXML,No,Yes,UT_Box:Metabolomic_Data_2020_Method/Madidi/Madidi_mzXML/MDP0002.mzXML,Alchornea glandulosa,Alchornea,/Users/dlforrister/Downloads/Test_Panama_New_Data/mzXML_Madidi/alcgla_MDP0002.mzXML,alcgla,PP_Tintay_24,/Users/dlforrister/Downloads/Test_Panama_New_Data/mzXML_Madidi/alcgla_MDP0002.mzXML,sample,6,,Euphorbiaceae
alcgla_MDP0531.mzXML,No,Yes,UT_Box:Metabolomic_Data_2020_Method/Madidi/Madidi_mzXML/MDP0531.mzXML,Alchornea glandulosa,Alchornea,/Users/dlforrister/Downloads/Test_Panama_New_Data/mzXML_Madidi/alcgla_MDP0531.mzXML,alcgla,PP_Fuerte_27,/Users/dlforrister/Downloads/Test_Panama_New_Data/mzXML_Madidi/alcgla_MDP0531.mzXML,sample,6,,Euphorbiaceae
alcgla_MDP0088.mzXML,No,Yes,UT_Box:Metabolomic_Data_2020_Method/Madidi/Madidi_mzXML/MDP0088.mzXML,Alchornea glandulosa,Alchornea,/Users/dlforrister/Downloads/Test_Panama_New_Data/mzXML_Madidi/alcgla_MDP0088.mzXML,alcgla,PP_Tintay_25,/Users/dlforrister/Downloads/Test_Panama_New_Data/mzXML_Madidi/alcgla_MDP0088.mzXML,sample,6,,Euphorbiaceae
alcgla_MDP0707.mzXML,No,Yes,UT_Box:Metabolomic_Data_2020_Method/Madidi/Madidi_mzXML/MDP0707.mzXML,Alchornea glandulosa,Alchornea,/Users/dlforrister/Downloads/Test_Panama_New_Data/mzXML_Madidi/alcgla_MDP0707.mzXML,alcgla,PP_Lomasa_39,/Users/dlforrister/Downloads/Test_Panama_New_Data/mzXML_Madidi/alcgla_MDP0707.mzXML,sample,6,,Euphorbiaceae
annRSS85_MDP0307.mzXML,Yes,Yes,UT_Box:Metabolomic_Data_2020_Method/Madidi/Madidi_mzXML/MDP0307.mzXML,Annona RSS-85,Annona,/Users/dlforrister/Downloads/Test_Panama_New_Data/mzXML_Madidi/annRSS85_MDP0307.mzXML,annRSS85,PP_Lomaka_40,/Users/dlforrister/Downloads/Test_Panama_New_Data/mzXML_Madidi/annRSS85_MDP0307.mzXML,sample,6,,Annonaceae
annRSS85_MDP0636.mzXML,Yes,Yes,UT_Box:Metabolomic_Data_2020_Method/Madidi/Madidi_mzXML/MDP0636.mzXML,Annona RSS-85,Annona,/Users/dlforrister/Downloads/Test_Panama_New_Data/mzXML_Madidi/annRSS85_MDP0636.mzXML,annRSS85,PP_Tocoaq_29,/Users/dlforrister/Downloads/Test_Panama_New_Data/mzXML_Madidi/annRSS85_MDP0636.mzXML,sample,6,,Annonaceae
annRSS85_MDP0464.mzXML,Yes,Yes,UT_Box:Metabolomic_Data_2020_Method/Madidi/Madidi_mzXML/MDP0464.mzXML,Annona RSS-85,Annona,/Users/dlforrister/Downloads/Test_Panama_New_Data/mzXML_Madidi/annRSS85_MDP0464.mzXML,annRSS85,PP_Tocoaq_28,/Users/dlforrister/Downloads/Test_Panama_New_Data/mzXML_Madidi/annRSS85_MDP0464.mzXML,sample,6,,Annonaceae
annRSS85_MDP0415.mzXML,Yes,Yes,UT_Box:Metabolomic_Data_2020_Method/Madidi/Madidi_mzXML/MDP0415.mzXML,Annona RSS-85,Annona,/Users/dlforrister/Downloads/Test_Panama_New_Data/mzXML_Madidi/annRSS85_MDP0415.mzXML,annRSS85,PP_Tocoaq_30,/Users/dlforrister/Downloads/Test_Panama_New_Data/mzXML_Madidi/annRSS85_MDP0415.mzXML,sample,6,,Annonaceae
annRSS85_MDP0091.mzXML,Yes,Yes,UT_Box:Metabolomic_Data_2020_Method/Madidi/Madidi_mzXML/MDP0091.mzXML,Annona RSS-85,Annona,/Users/dlforrister/Downloads/Test_Panama_New_Data/mzXML_Madidi/annRSS85_MDP0091.mzXML,annRSS85,PP_Tintay_25,/Users/dlforrister/Downloads/Test_Panama_New_Data/mzXML_Madidi/annRSS85_MDP0091.mzXML,sample,6,,Annonaceae
annRSS85_MDP0005.mzXML,Yes,Yes,UT_Box:Metabolomic_Data_2020_Method/Madidi/Madidi_mzXML/MDP0005.mzXML,Annona RSS-85,Annona,/Users/dlforrister/Downloads/Test_Panama_New_Data/mzXML_Madidi/annRSS85_MDP0005.mzXML,annRSS85,PP_Tintay_24,/Users/dlforrister/Downloads/Test_Panama_New_Data/mzXML_Madidi/annRSS85_MDP0005.mzXML,sample,6,,Annonaceae
beitov_MDP0229.mzXML,Yes,Yes,UT_Box:Metabolomic_Data_2020_Method/Madidi/Madidi_mzXML/MDP0229.mzXML,Beilschmiedia tovarensis,Beilschmiedia,/Users/dlforrister/Downloads/Test_Panama_New_Data/mzXML_Madidi/beitov_MDP0229.mzXML,beitov,PP_Sumpul_34,/Users/dlforrister/Downloads/Test_Panama_New_Data/mzXML_Madidi/beitov_MDP0229.mzXML,sample,5,,Lauraceae
beitov_MDP0008.mzXML,Yes,Yes,UT_Box:Metabolomic_Data_2020_Method/Madidi/Madidi_mzXML/MDP0008.mzXML,Beilschmiedia tovarensis,Beilschmiedia,/Users/dlforrister/Downloads/Test_Panama_New_Data/mzXML_Madidi/beitov_MDP0008.mzXML,beitov,PP_Tintay_24,/Users/dlforrister/Downloads/Test_Panama_New_Data/mzXML_Madidi/beitov_MDP0008.mzXML,sample,5,,Lauraceae
beitov_MDP0466.mzXML,Yes,Yes,UT_Box:Metabolomic_Data_2020_Method/Madidi/Madidi_mzXML/MDP0466.mzXML,Beilschmiedia tovarensis,Beilschmiedia,/Users/dlforrister/Downloads/Test_Panama_New_Data/mzXML_Madidi/beitov_MDP0466.mzXML,beitov,PP_Tocoaq_28,/Users/dlforrister/Downloads/Test_Panama_New_Data/mzXML_Madidi/beitov_MDP0466.mzXML,sample,5,,Lauraceae
beitov_MDP0536.mzXML,Yes,Yes,UT_Box:Metabolomic_Data_2020_Method/Madidi/Madidi_mzXML/MDP0536.mzXML,Beilschmiedia tovarensis,Beilschmiedia,/Users/dlforrister/Downloads/Test_Panama_New_Data/mzXML_Madidi/beitov_MDP0536.mzXML,beitov,PP_Fuerte_27,/Users/dlforrister/Downloads/Test_Panama_New_Data/mzXML_Madidi/beitov_MDP0536.mzXML,sample,5,,Lauraceae
beitov_MDP0638.mzXML,Yes,Yes,UT_Box:Metabolomic_Data_2020_Method/Madidi/Madidi_mzXML/MDP0638.mzXML,Beilschmiedia tovarensis,Beilschmiedia,/Users/dlforrister/Downloads/Test_Panama_New_Data/mzXML_Madidi/beitov_MDP0638.mzXML,beitov,PP_Tocoaq_29,/Users/dlforrister/Downloads/Test_Panama_New_Data/mzXML_Madidi/beitov_MDP0638.mzXML,sample,5,,Lauraceae
cupCMG2731_MDP0715.mzXML,No,No,UT_Box:Metabolomic_Data_2020_Method/Madidi/Madidi_mzXML/MDP0715.mzXML,Cupania CMG-2731,Cupania,/Users/dlforrister/Downloads/Test_Panama_New_Data/mzXML_Madidi/cupCMG2731_MDP0715.mzXML,cupCMG2731,PP_Lomasa_39,/Users/dlforrister/Downloads/Test_Panama_New_Data/mzXML_Madidi/cupCMG2731_MDP0715.mzXML,sample,6,,Sapindaceae
cupCMG2731_MDP0478.mzXML,No,No,UT_Box:Metabolomic_Data_2020_Method/Madidi/Madidi_mzXML/MDP0478.mzXML,Cupania CMG-2731,Cupania,/Users/dlforrister/Downloads/Test_Panama_New_Data/mzXML_Madidi/cupCMG2731_MDP0478.mzXML,cupCMG2731,PP_Tocoaq_28,/Users/dlforrister/Downloads/Test_Panama_New_Data/mzXML_Madidi/cupCMG2731_MDP0478.mzXML,sample,6,,Sapindaceae
cupCMG2731_MDP0545.mzXML,No,No,UT_Box:Metabolomic_Data_2020_Method/Madidi/Madidi_mzXML/MDP0545.mzXML,Cupania CMG-2731,Cupania,/Users/dlforrister/Downloads/Test_Panama_New_Data/mzXML_Madidi/cupCMG2731_MDP0545.mzXML,cupCMG2731,PP_Fuerte_27,/Users/dlforrister/Downloads/Test_Panama_New_Data/mzXML_Madidi/cupCMG2731_MDP0545.mzXML,sample,6,,Sapindaceae
cupCMG2731_MDP0315.mzXML,No,No,UT_Box:Metabolomic_Data_2020_Method/Madidi/Madidi_mzXML/MDP0315.mzXML,Cupania CMG-2731,Cupania,/Users/dlforrister/Downloads/Test_Panama_New_Data/mzXML_Madidi/cupCMG2731_MDP0315.mzXML,cupCMG2731,PP_Lomaka_40,/Users/dlforrister/Downloads/Test_Panama_New_Data/mzXML_Madidi/cupCMG2731_MDP0315.mzXML,sample,6,,Sapindaceae
cupCMG2731_MDP0649.mzXML,No,No,UT_Box:Metabolomic_Data_2020_Method/Madidi/Madidi_mzXML/MDP0649.mzXML,Cupania CMG-2731,Cupania,/Users/dlforrister/Downloads/Test_Panama_New_Data/mzXML_Madidi/cupCMG2731_MDP0649.mzXML,cupCMG2731,PP_Tocoaq_29,/Users/dlforrister/Downloads/Test_Panama_New_Data/mzXML_Madidi/cupCMG2731_MDP0649.mzXML,sample,6,,Sapindaceae
cupCMG2731_MDP0101.mzXML,No,No,UT_Box:Metabolomic_Data_2020_Method/Madidi/Madidi_mzXML/MDP0101.mzXML,Cupania CMG-2731,Cupania,/Users/dlforrister/Downloads/Test_Panama_New_Data/mzXML_Madidi/cupCMG2731_MDP0101.mzXML,cupCMG2731,PP_Tintay_25,/Users/dlforrister/Downloads/Test_Panama_New_Data/mzXML_Madidi/cupCMG2731_MDP0101.mzXML,sample,6,,Sapindaceae
elamar_MDP0022.mzXML,Yes,Yes,UT_Box:Metabolomic_Data_2020_Method/Madidi/Madidi_mzXML/MDP0022.mzXML,Elaeagia mariae,Elaeagia,/Users/dlforrister/Downloads/Test_Panama_New_Data/mzXML_Madidi/elamar_MDP0022.mzXML,elamar,PP_Tintay_24,/Users/dlforrister/Downloads/Test_Panama_New_Data/mzXML_Madidi/elamar_MDP0022.mzXML,sample,8,,Rubiaceae
elamar_MDP0104.mzXML,Yes,Yes,UT_Box:Metabolomic_Data_2020_Method/Madidi/Madidi_mzXML/MDP0104.mzXML,Elaeagia mariae,Elaeagia,/Users/dlforrister/Downloads/Test_Panama_New_Data/mzXML_Madidi/elamar_MDP0104.mzXML,elamar,PP_Tintay_25,/Users/dlforrister/Downloads/Test_Panama_New_Data/mzXML_Madidi/elamar_MDP0104.mzXML,sample,8,,Rubiaceae
elamar_MDP0423.mzXML,Yes,Yes,UT_Box:Metabolomic_Data_2020_Method/Madidi/Madidi_mzXML/MDP0423.mzXML,Elaeagia mariae,Elaeagia,/Users/dlforrister/Downloads/Test_Panama_New_Data/mzXML_Madidi/elamar_MDP0423.mzXML,elamar,PP_Tocoaq_30,/Users/dlforrister/Downloads/Test_Panama_New_Data/mzXML_Madidi/elamar_MDP0423.mzXML,sample,8,,Rubiaceae
elamar_MDP0244.mzXML,Yes,Yes,UT_Box:Metabolomic_Data_2020_Method/Madidi/Madidi_mzXML/MDP0244.mzXML,Elaeagia mariae,Elaeagia,/Users/dlforrister/Downloads/Test_Panama_New_Data/mzXML_Madidi/elamar_MDP0244.mzXML,elamar,PP_Sumpul_34,/Users/dlforrister/Downloads/Test_Panama_New_Data/mzXML_Madidi/elamar_MDP0244.mzXML,sample,8,,Rubiaceae
elamar_MDP0479.mzXML,Yes,Yes,UT_Box:Metabolomic_Data_2020_Method/Madidi/Madidi_mzXML/MDP0479.mzXML,Elaeagia mariae,Elaeagia,/Users/dlforrister/Downloads/Test_Panama_New_Data/mzXML_Madidi/elamar_MDP0479.mzXML,elamar,PP_Tocoaq_28,/Users/dlforrister/Downloads/Test_Panama_New_Data/mzXML_Madidi/elamar_MDP0479.mzXML,sample,8,,Rubiaceae
elamar_MDP0547.mzXML,Yes,Yes,UT_Box:Metabolomic_Data_2020_Method/Madidi/Madidi_mzXML/MDP0547.mzXML,Elaeagia mariae,Elaeagia,/Users/dlforrister/Downloads/Test_Panama_New_Data/mzXML_Madidi/elamar_MDP0547.mzXML,elamar,PP_Fuerte_27,/Users/dlforrister/Downloads/Test_Panama_New_Data/mzXML_Madidi/elamar_MDP0547.mzXML,sample,8,,Rubiaceae
elamar_MDP0651.mzXML,Yes,Yes,UT_Box:Metabolomic_Data_2020_Method/Madidi/Madidi_mzXML/MDP0651.mzXML,Elaeagia mariae,Elaeagia,/Users/dlforrister/Downloads/Test_Panama_New_Data/mzXML_Madidi/elamar_MDP0651.mzXML,elamar,PP_Tocoaq_29,/Users/dlforrister/Downloads/Test_Panama_New_Data/mzXML_Madidi/elamar_MDP0651.mzXML,sample,8,,Rubiaceae
elamar_MDP0720.mzXML,Yes,Yes,UT_Box:Metabolomic_Data_2020_Method/Madidi/Madidi_mzXML/MDP0720.mzXML,Elaeagia mariae,Elaeagia,/Users/dlforrister/Downloads/Test_Panama_New_Data/mzXML_Madidi/elamar_MDP0720.mzXML,elamar,PP_Lomasa_39,/Users/dlforrister/Downloads/Test_Panama_New_Data/mzXML_Madidi/elamar_MDP0720.mzXML,sample,8,,Rubiaceae
gorfru_MDP0027.mzXML,No,Yes,UT_Box:Metabolomic_Data_2020_Method/Madidi/Madidi_mzXML/MDP0027.mzXML,Gordonia fruticosa,Gordonia,/Users/dlforrister/Downloads/Test_Panama_New_Data/mzXML_Madidi/gorfru_MDP0027.mzXML,gorfru,PP_Tintay_24,/Users/dlforrister/Downloads/Test_Panama_New_Data/mzXML_Madidi/gorfru_MDP0027.mzXML,sample,7,,Theaceae
gorfru_MDP0109.mzXML,No,Yes,UT_Box:Metabolomic_Data_2020_Method/Madidi/Madidi_mzXML/MDP0109.mzXML,Gordonia fruticosa,Gordonia,/Users/dlforrister/Downloads/Test_Panama_New_Data/mzXML_Madidi/gorfru_MDP0109.mzXML,gorfru,PP_Tintay_25,/Users/dlforrister/Downloads/Test_Panama_New_Data/mzXML_Madidi/gorfru_MDP0109.mzXML,sample,7,,Theaceae
gorfru_MDP0251.mzXML,No,Yes,UT_Box:Metabolomic_Data_2020_Method/Madidi/Madidi_mzXML/MDP0251.mzXML,Gordonia fruticosa,Gordonia,/Users/dlforrister/Downloads/Test_Panama_New_Data/mzXML_Madidi/gorfru_MDP0251.mzXML,gorfru,PP_Sumpul_34,/Users/dlforrister/Downloads/Test_Panama_New_Data/mzXML_Madidi/gorfru_MDP0251.mzXML,sample,7,,Theaceae
gorfru_MDP0428.mzXML,No,Yes,UT_Box:Metabolomic_Data_2020_Method/Madidi/Madidi_mzXML/MDP0428.mzXML,Gordonia fruticosa,Gordonia,/Users/dlforrister/Downloads/Test_Panama_New_Data/mzXML_Madidi/gorfru_MDP0428.mzXML,gorfru,PP_Tocoaq_30,/Users/dlforrister/Downloads/Test_Panama_New_Data/mzXML_Madidi/gorfru_MDP0428.mzXML,sample,7,,Theaceae
gorfru_MDP0608.mzXML,No,Yes,UT_Box:Metabolomic_Data_2020_Method/Madidi/Madidi_mzXML/MDP0608.mzXML,Gordonia fruticosa,Gordonia,/Users/dlforrister/Downloads/Test_Panama_New_Data/mzXML_Madidi/gorfru_MDP0608.mzXML,gorfru,PP_Tapuri_45,/Users/dlforrister/Downloads/Test_Panama_New_Data/mzXML_Madidi/gorfru_MDP0608.mzXML,sample,7,,Theaceae
gorfru_MDP0486.mzXML,No,Yes,UT_Box:Metabolomic_Data_2020_Method/Madidi/Madidi_mzXML/MDP0486.mzXML,Gordonia fruticosa,Gordonia,/Users/dlforrister/Downloads/Test_Panama_New_Data/mzXML_Madidi/gorfru_MDP0486.mzXML,gorfru,PP_Tocoaq_28,/Users/dlforrister/Downloads/Test_Panama_New_Data/mzXML_Madidi/gorfru_MDP0486.mzXML,sample,7,,Theaceae
gorfru_MDP0656.mzXML,No,Yes,UT_Box:Metabolomic_Data_2020_Method/Madidi/Madidi_mzXML/MDP0656.mzXML,Gordonia fruticosa,Gordonia,/Users/dlforrister/Downloads/Test_Panama_New_Data/mzXML_Madidi/gorfru_MDP0656.mzXML,gorfru,PP_Tocoaq_29,/Users/dlforrister/Downloads/Test_Panama_New_Data/mzXML_Madidi/gorfru_MDP0656.mzXML,sample,7,,Theaceae
hel2tom_MDP0330.mzXML,No,No,UT_Box:Metabolomic_Data_2020_Method/Madidi/Madidi_mzXML/MDP0330.mzXML,Helicostylis tomentosa,Helicostylis,/Users/dlforrister/Downloads/Test_Panama_New_Data/mzXML_Madidi/hel2tom_MDP0330.mzXML,hel2tom,PP_Lomaka_40,/Users/dlforrister/Downloads/Test_Panama_New_Data/mzXML_Madidi/hel2tom_MDP0330.mzXML,sample,5,,Moraceae
hel2tom_MDP0255.mzXML,No,No,UT_Box:Metabolomic_Data_2020_Method/Madidi/Madidi_mzXML/MDP0255.mzXML,Helicostylis tomentosa,Helicostylis,/Users/dlforrister/Downloads/Test_Panama_New_Data/mzXML_Madidi/hel2tom_MDP0255.mzXML,hel2tom,PP_Sumpul_34,/Users/dlforrister/Downloads/Test_Panama_New_Data/mzXML_Madidi/hel2tom_MDP0255.mzXML,sample,5,,Moraceae
hel2tom_MDP0029.mzXML,No,No,UT_Box:Metabolomic_Data_2020_Method/Madidi/Madidi_mzXML/MDP0029.mzXML,Helicostylis tomentosa,Helicostylis,/Users/dlforrister/Downloads/Test_Panama_New_Data/mzXML_Madidi/hel2tom_MDP0029.mzXML,hel2tom,PP_Tintay_24,/Users/dlforrister/Downloads/Test_Panama_New_Data/mzXML_Madidi/hel2tom_MDP0029.mzXML,sample,5,,Moraceae
hel2tom_MDP0490.mzXML,No,No,UT_Box:Metabolomic_Data_2020_Method/Madidi/Madidi_mzXML/MDP0490.mzXML,Helicostylis tomentosa,Helicostylis,/Users/dlforrister/Downloads/Test_Panama_New_Data/mzXML_Madidi/hel2tom_MDP0490.mzXML,hel2tom,PP_Tocoaq_28,/Users/dlforrister/Downloads/Test_Panama_New_Data/mzXML_Madidi/hel2tom_MDP0490.mzXML,sample,5,,Moraceae
hel2tom_MDP0729.mzXML,No,No,UT_Box:Metabolomic_Data_2020_Method/Madidi/Madidi_mzXML/MDP0729.mzXML,Helicostylis tomentosa,Helicostylis,/Users/dlforrister/Downloads/Test_Panama_New_Data/mzXML_Madidi/hel2tom_MDP0729.mzXML,hel2tom,PP_Lomasa_39,/Users/dlforrister/Downloads/Test_Panama_New_Data/mzXML_Madidi/hel2tom_MDP0729.mzXML,sample,5,,Moraceae
ingalb_MDP0036.mzXML,Yes,Yes,UT_Box:Metabolomic_Data_2020_Method/Madidi/Madidi_mzXML/MDP0036.mzXML,Inga alba,Inga,/Users/dlforrister/Downloads/Test_Panama_New_Data/mzXML_Madidi/ingalb_MDP0036.mzXML,ingalb,PP_Tintay_24,/Users/dlforrister/Downloads/Test_Panama_New_Data/mzXML_Madidi/ingalb_MDP0036.mzXML,sample,5,,Fabaceae
ingalb_MDP0115.mzXML,Yes,Yes,UT_Box:Metabolomic_Data_2020_Method/Madidi/Madidi_mzXML/MDP0115.mzXML,Inga alba,Inga,/Users/dlforrister/Downloads/Test_Panama_New_Data/mzXML_Madidi/ingalb_MDP0115.mzXML,ingalb,PP_Tintay_25,/Users/dlforrister/Downloads/Test_Panama_New_Data/mzXML_Madidi/ingalb_MDP0115.mzXML,sample,5,,Fabaceae
ingalb_MDP0260.mzXML,Yes,Yes,UT_Box:Metabolomic_Data_2020_Method/Madidi/Madidi_mzXML/MDP0260.mzXML,Inga alba,Inga,/Users/dlforrister/Downloads/Test_Panama_New_Data/mzXML_Madidi/ingalb_MDP0260.mzXML,ingalb,PP_Sumpul_34,/Users/dlforrister/Downloads/Test_Panama_New_Data/mzXML_Madidi/ingalb_MDP0260.mzXML,sample,5,,Fabaceae
ingalb_MDP0735.mzXML,Yes,Yes,UT_Box:Metabolomic_Data_2020_Method/Madidi/Madidi_mzXML/MDP0735.mzXML,Inga alba,Inga,/Users/dlforrister/Downloads/Test_Panama_New_Data/mzXML_Madidi/ingalb_MDP0735.mzXML,ingalb,PP_Lomasa_39,/Users/dlforrister/Downloads/Test_Panama_New_Data/mzXML_Madidi/ingalb_MDP0735.mzXML,sample,5,,Fabaceae
ingalb_MDP0336.mzXML,Yes,Yes,UT_Box:Metabolomic_Data_2020_Method/Madidi/Madidi_mzXML/MDP0336.mzXML,Inga alba,Inga,/Users/dlforrister/Downloads/Test_Panama_New_Data/mzXML_Madidi/ingalb_MDP0336.mzXML,ingalb,PP_Lomaka_40,/Users/dlforrister/Downloads/Test_Panama_New_Data/mzXML_Madidi/ingalb_MDP0336.mzXML,sample,5,,Fabaceae
ladobl_MDP0264.mzXML,No,No,UT_Box:Metabolomic_Data_2020_Method/Madidi/Madidi_mzXML/MDP0264.mzXML,Ladenbergia oblongifolia,Ladenbergia,/Users/dlforrister/Downloads/Test_Panama_New_Data/mzXML_Madidi/ladobl_MDP0264.mzXML,ladobl,PP_Sumpul_34,/Users/dlforrister/Downloads/Test_Panama_New_Data/mzXML_Madidi/ladobl_MDP0264.mzXML,sample,5,,Rubiaceae
ladobl_MDP0042.mzXML,No,No,UT_Box:Metabolomic_Data_2020_Method/Madidi/Madidi_mzXML/MDP0042.mzXML,Ladenbergia oblongifolia,Ladenbergia,/Users/dlforrister/Downloads/Test_Panama_New_Data/mzXML_Madidi/ladobl_MDP0042.mzXML,ladobl,PP_Tintay_24,/Users/dlforrister/Downloads/Test_Panama_New_Data/mzXML_Madidi/ladobl_MDP0042.mzXML,sample,5,,Rubiaceae
ladobl_MDP0343.mzXML,No,No,UT_Box:Metabolomic_Data_2020_Method/Madidi/Madidi_mzXML/MDP0343.mzXML,Ladenbergia oblongifolia,Ladenbergia,/Users/dlforrister/Downloads/Test_Panama_New_Data/mzXML_Madidi/ladobl_MDP0343.mzXML,ladobl,PP_Lomaka_40,/Users/dlforrister/Downloads/Test_Panama_New_Data/mzXML_Madidi/ladobl_MDP0343.mzXML,sample,5,,Rubiaceae
ladobl_MDP0561.mzXML,No,No,UT_Box:Metabolomic_Data_2020_Method/Madidi/Madidi_mzXML/MDP0561.mzXML,Ladenbergia oblongifolia,Ladenbergia,/Users/dlforrister/Downloads/Test_Panama_New_Data/mzXML_Madidi/ladobl_MDP0561.mzXML,ladobl,PP_Fuerte_27,/Users/dlforrister/Downloads/Test_Panama_New_Data/mzXML_Madidi/ladobl_MDP0561.mzXML,sample,5,,Rubiaceae
ladobl_MDP0737.mzXML,No,No,UT_Box:Metabolomic_Data_2020_Method/Madidi/Madidi_mzXML/MDP0737.mzXML,Ladenbergia oblongifolia,Ladenbergia,/Users/dlforrister/Downloads/Test_Panama_New_Data/mzXML_Madidi/ladobl_MDP0737.mzXML,ladobl,PP_Lomasa_39,/Users/dlforrister/Downloads/Test_Panama_New_Data/mzXML_Madidi/ladobl_MDP0737.mzXML,sample,5,,Rubiaceae
melpet_MDP0433.mzXML,No,No,UT_Box:Metabolomic_Data_2020_Method/Madidi/Madidi_mzXML/MDP0433.mzXML,Meliosma petalodentata,Meliosma,/Users/dlforrister/Downloads/Test_Panama_New_Data/mzXML_Madidi/melpet_MDP0433.mzXML,melpet,PP_Tocoaq_30,/Users/dlforrister/Downloads/Test_Panama_New_Data/mzXML_Madidi/melpet_MDP0433.mzXML,sample,5,,Sabiaceae
melpet_MDP0169.mzXML,No,No,UT_Box:Metabolomic_Data_2020_Method/Madidi/Madidi_mzXML/MDP0169.mzXML,Meliosma petalodentata,Meliosma,/Users/dlforrister/Downloads/Test_Panama_New_Data/mzXML_Madidi/melpet_MDP0169.mzXML,melpet,PP_Titiri_42,/Users/dlforrister/Downloads/Test_Panama_New_Data/mzXML_Madidi/melpet_MDP0169.mzXML,sample,5,,Sabiaceae
melpet_MDP0610.mzXML,No,No,UT_Box:Metabolomic_Data_2020_Method/Madidi/Madidi_mzXML/MDP0610.mzXML,Meliosma petalodentata,Meliosma,/Users/dlforrister/Downloads/Test_Panama_New_Data/mzXML_Madidi/melpet_MDP0610.mzXML,melpet,PP_Tapuri_45,/Users/dlforrister/Downloads/Test_Panama_New_Data/mzXML_Madidi/melpet_MDP0610.mzXML,sample,5,,Sabiaceae
melpet_MDP0667.mzXML,No,No,UT_Box:Metabolomic_Data_2020_Method/Madidi/Madidi_mzXML/MDP0667.mzXML,Meliosma petalodentata,Meliosma,/Users/dlforrister/Downloads/Test_Panama_New_Data/mzXML_Madidi/melpet_MDP0667.mzXML,melpet,PP_Tocoaq_29,/Users/dlforrister/Downloads/Test_Panama_New_Data/mzXML_Madidi/melpet_MDP0667.mzXML,sample,5,,Sabiaceae
melpet_MDP0498.mzXML,No,No,UT_Box:Metabolomic_Data_2020_Method/Madidi/Madidi_mzXML/MDP0498.mzXML,Meliosma petalodentata,Meliosma,/Users/dlforrister/Downloads/Test_Panama_New_Data/mzXML_Madidi/melpet_MDP0498.mzXML,melpet,PP_Tocoaq_28,/Users/dlforrister/Downloads/Test_Panama_New_Data/mzXML_Madidi/melpet_MDP0498.mzXML,sample,5,,Sabiaceae
mic1AF7149_MDP0352.mzXML,No,No,UT_Box:Metabolomic_Data_2020_Method/Madidi/Madidi_mzXML/MDP0352.mzXML,Miconia AF-7149,Miconia,/Users/dlforrister/Downloads/Test_Panama_New_Data/mzXML_Madidi/mic1AF7149_MDP0352.mzXML,mic1AF7149,PP_Lomaka_40,/Users/dlforrister/Downloads/Test_Panama_New_Data/mzXML_Madidi/mic1AF7149_MDP0352.mzXML,sample,6,,Melastomataceae
mic1AF7149_MDP0435.mzXML,No,No,UT_Box:Metabolomic_Data_2020_Method/Madidi/Madidi_mzXML/MDP0435.mzXML,Miconia AF-7149,Miconia,/Users/dlforrister/Downloads/Test_Panama_New_Data/mzXML_Madidi/mic1AF7149_MDP0435.mzXML,mic1AF7149,PP_Tocoaq_30,/Users/dlforrister/Downloads/Test_Panama_New_Data/mzXML_Madidi/mic1AF7149_MDP0435.mzXML,sample,6,,Melastomataceae
mic1AF7149_MDP0500.mzXML,No,No,UT_Box:Metabolomic_Data_2020_Method/Madidi/Madidi_mzXML/MDP0500.mzXML,Miconia AF-7149,Miconia,/Users/dlforrister/Downloads/Test_Panama_New_Data/mzXML_Madidi/mic1AF7149_MDP0500.mzXML,mic1AF7149,PP_Tocoaq_28,/Users/dlforrister/Downloads/Test_Panama_New_Data/mzXML_Madidi/mic1AF7149_MDP0500.mzXML,sample,6,,Melastomataceae
mic1AF7149_MDP0124.mzXML,No,No,UT_Box:Metabolomic_Data_2020_Method/Madidi/Madidi_mzXML/MDP0124.mzXML,Miconia AF-7149,Miconia,/Users/dlforrister/Downloads/Test_Panama_New_Data/mzXML_Madidi/mic1AF7149_MDP0124.mzXML,mic1AF7149,PP_Tintay_25,/Users/dlforrister/Downloads/Test_Panama_New_Data/mzXML_Madidi/mic1AF7149_MDP0124.mzXML,sample,6,,Melastomataceae
mic1AF7149_MDP0563.mzXML,No,No,UT_Box:Metabolomic_Data_2020_Method/Madidi/Madidi_mzXML/MDP0563.mzXML,Miconia AF-7149,Miconia,/Users/dlforrister/Downloads/Test_Panama_New_Data/mzXML_Madidi/mic1AF7149_MDP0563.mzXML,mic1AF7149,PP_Fuerte_27,/Users/dlforrister/Downloads/Test_Panama_New_Data/mzXML_Madidi/mic1AF7149_MDP0563.mzXML,sample,6,,Melastomataceae
mic1AF7149_MDP0670.mzXML,No,No,UT_Box:Metabolomic_Data_2020_Method/Madidi/Madidi_mzXML/MDP0670.mzXML,Miconia AF-7149,Miconia,/Users/dlforrister/Downloads/Test_Panama_New_Data/mzXML_Madidi/mic1AF7149_MDP0670.mzXML,mic1AF7149,PP_Tocoaq_29,/Users/dlforrister/Downloads/Test_Panama_New_Data/mzXML_Madidi/mic1AF7149_MDP0670.mzXML,sample,6,,Melastomataceae
mic1elo_MDP0046.mzXML,No,Yes,UT_Box:Metabolomic_Data_2020_Method/Madidi/Madidi_mzXML/MDP0046.mzXML,Miconia elongata,Miconia,/Users/dlforrister/Downloads/Test_Panama_New_Data/mzXML_Madidi/mic1elo_MDP0046.mzXML,mic1elo,PP_Tintay_24,/Users/dlforrister/Downloads/Test_Panama_New_Data/mzXML_Madidi/mic1elo_MDP0046.mzXML,sample,5,,Melastomataceae
mic1elo_MDP0503.mzXML,No,Yes,UT_Box:Metabolomic_Data_2020_Method/Madidi/Madidi_mzXML/MDP0503.mzXML,Miconia elongata,Miconia,/Users/dlforrister/Downloads/Test_Panama_New_Data/mzXML_Madidi/mic1elo_MDP0503.mzXML,mic1elo,PP_Tocoaq_28,/Users/dlforrister/Downloads/Test_Panama_New_Data/mzXML_Madidi/mic1elo_MDP0503.mzXML,sample,5,,Melastomataceae
mic1elo_MDP0126.mzXML,No,Yes,UT_Box:Metabolomic_Data_2020_Method/Madidi/Madidi_mzXML/MDP0126.mzXML,Miconia elongata,Miconia,/Users/dlforrister/Downloads/Test_Panama_New_Data/mzXML_Madidi/mic1elo_MDP0126.mzXML,mic1elo,PP_Tintay_25,/Users/dlforrister/Downloads/Test_Panama_New_Data/mzXML_Madidi/mic1elo_MDP0126.mzXML,sample,5,,Melastomataceae
mic1elo_MDP0565.mzXML,No,Yes,UT_Box:Metabolomic_Data_2020_Method/Madidi/Madidi_mzXML/MDP0565.mzXML,Miconia elongata,Miconia,/Users/dlforrister/Downloads/Test_Panama_New_Data/mzXML_Madidi/mic1elo_MDP0565.mzXML,mic1elo,PP_Fuerte_27,/Users/dlforrister/Downloads/Test_Panama_New_Data/mzXML_Madidi/mic1elo_MDP0565.mzXML,sample,5,,Melastomataceae
mic1elo_MDP0674.mzXML,No,Yes,UT_Box:Metabolomic_Data_2020_Method/Madidi/Madidi_mzXML/MDP0674.mzXML,Miconia elongata,Miconia,/Users/dlforrister/Downloads/Test_Panama_New_Data/mzXML_Madidi/mic1elo_MDP0674.mzXML,mic1elo,PP_Tocoaq_29,/Users/dlforrister/Downloads/Test_Panama_New_Data/mzXML_Madidi/mic1elo_MDP0674.mzXML,sample,5,,Melastomataceae
molova_MDP0504.mzXML,No,Yes,UT_Box:Metabolomic_Data_2020_Method/Madidi/Madidi_mzXML/MDP0504.mzXML,Mollinedia ovata,Mollinedia,/Users/dlforrister/Downloads/Test_Panama_New_Data/mzXML_Madidi/molova_MDP0504.mzXML,molova,PP_Tocoaq_28,/Users/dlforrister/Downloads/Test_Panama_New_Data/mzXML_Madidi/molova_MDP0504.mzXML,sample,6,,Monimiaceae
molova_MDP0358.mzXML,No,Yes,UT_Box:Metabolomic_Data_2020_Method/Madidi/Madidi_mzXML/MDP0358.mzXML,Mollinedia ovata,Mollinedia,/Users/dlforrister/Downloads/Test_Panama_New_Data/mzXML_Madidi/molova_MDP0358.mzXML,molova,PP_Lomaka_40,/Users/dlforrister/Downloads/Test_Panama_New_Data/mzXML_Madidi/molova_MDP0358.mzXML,sample,6,,Monimiaceae
molova_MDP0050.mzXML,No,Yes,UT_Box:Metabolomic_Data_2020_Method/Madidi/Madidi_mzXML/MDP0050.mzXML,Mollinedia ovata,Mollinedia,/Users/dlforrister/Downloads/Test_Panama_New_Data/mzXML_Madidi/molova_MDP0050.mzXML,molova,PP_Tintay_24,/Users/dlforrister/Downloads/Test_Panama_New_Data/mzXML_Madidi/molova_MDP0050.mzXML,sample,6,,Monimiaceae
molova_MDP0128.mzXML,No,Yes,UT_Box:Metabolomic_Data_2020_Method/Madidi/Madidi_mzXML/MDP0128.mzXML,Mollinedia ovata,Mollinedia,/Users/dlforrister/Downloads/Test_Panama_New_Data/mzXML_Madidi/molova_MDP0128.mzXML,molova,PP_Tintay_25,/Users/dlforrister/Downloads/Test_Panama_New_Data/mzXML_Madidi/molova_MDP0128.mzXML,sample,6,,Monimiaceae
molova_MDP0567.mzXML,No,Yes,UT_Box:Metabolomic_Data_2020_Method/Madidi/Madidi_mzXML/MDP0567.mzXML,Mollinedia ovata,Mollinedia,/Users/dlforrister/Downloads/Test_Panama_New_Data/mzXML_Madidi/molova_MDP0567.mzXML,molova,PP_Fuerte_27,/Users/dlforrister/Downloads/Test_Panama_New_Data/mzXML_Madidi/molova_MDP0567.mzXML,sample,6,,Monimiaceae
molova_MDP0748.mzXML,No,Yes,UT_Box:Metabolomic_Data_2020_Method/Madidi/Madidi_mzXML/MDP0748.mzXML,Mollinedia ovata,Mollinedia,/Users/dlforrister/Downloads/Test_Panama_New_Data/mzXML_Madidi/molova_MDP0748.mzXML,molova,PP_Lomasa_39,/Users/dlforrister/Downloads/Test_Panama_New_Data/mzXML_Madidi/molova_MDP0748.mzXML,sample,6,,Monimiaceae
molrep_MDP0129.mzXML,No,No,UT_Box:Metabolomic_Data_2020_Method/Madidi/Madidi_mzXML/MDP0129.mzXML,Mollinedia repanda,Mollinedia,/Users/dlforrister/Downloads/Test_Panama_New_Data/mzXML_Madidi/molrep_MDP0129.mzXML,molrep,PP_Tintay_25,/Users/dlforrister/Downloads/Test_Panama_New_Data/mzXML_Madidi/molrep_MDP0129.mzXML,sample,8,,Monimiaceae
molrep_MDP0268.mzXML,No,Yes,UT_Box:Metabolomic_Data_2020_Method/Madidi/Madidi_mzXML/MDP0268.mzXML,Mollinedia repanda,Mollinedia,/Users/dlforrister/Downloads/Test_Panama_New_Data/mzXML_Madidi/molrep_MDP0268.mzXML,molrep,PP_Sumpul_34,/Users/dlforrister/Downloads/Test_Panama_New_Data/mzXML_Madidi/molrep_MDP0268.mzXML,sample,8,,Monimiaceae
molrep_MDP0172.mzXML,No,No,UT_Box:Metabolomic_Data_2020_Method/Madidi/Madidi_mzXML/MDP0172.mzXML,Mollinedia repanda,Mollinedia,/Users/dlforrister/Downloads/Test_Panama_New_Data/mzXML_Madidi/molrep_MDP0172.mzXML,molrep,PP_Titiri_42,/Users/dlforrister/Downloads/Test_Panama_New_Data/mzXML_Madidi/molrep_MDP0172.mzXML,sample,8,,Monimiaceae
molrep_MDP0505.mzXML,No,Yes,UT_Box:Metabolomic_Data_2020_Method/Madidi/Madidi_mzXML/MDP0505.mzXML,Mollinedia repanda,Mollinedia,/Users/dlforrister/Downloads/Test_Panama_New_Data/mzXML_Madidi/molrep_MDP0505.mzXML,molrep,PP_Tocoaq_28,/Users/dlforrister/Downloads/Test_Panama_New_Data/mzXML_Madidi/molrep_MDP0505.mzXML,sample,8,,Monimiaceae
molrep_MDP0441.mzXML,No,Yes,UT_Box:Metabolomic_Data_2020_Method/Madidi/Madidi_mzXML/MDP0441.mzXML,Mollinedia repanda,Mollinedia,/Users/dlforrister/Downloads/Test_Panama_New_Data/mzXML_Madidi/molrep_MDP0441.mzXML,molrep,PP_Tocoaq_30,/Users/dlforrister/Downloads/Test_Panama_New_Data/mzXML_Madidi/molrep_MDP0441.mzXML,sample,8,,Monimiaceae
molrep_MDP0568.mzXML,No,Yes,UT_Box:Metabolomic_Data_2020_Method/Madidi/Madidi_mzXML/MDP0568.mzXML,Mollinedia repanda,Mollinedia,/Users/dlforrister/Downloads/Test_Panama_New_Data/mzXML_Madidi/molrep_MDP0568.mzXML,molrep,PP_Fuerte_27,/Users/dlforrister/Downloads/Test_Panama_New_Data/mzXML_Madidi/molrep_MDP0568.mzXML,sample,8,,Monimiaceae
molrep_MDP0677.mzXML,No,Yes,UT_Box:Metabolomic_Data_2020_Method/Madidi/Madidi_mzXML/MDP0677.mzXML,Mollinedia repanda,Mollinedia,/Users/dlforrister/Downloads/Test_Panama_New_Data/mzXML_Madidi/molrep_MDP0677.mzXML,molrep,PP_Tocoaq_29,/Users/dlforrister/Downloads/Test_Panama_New_Data/mzXML_Madidi/molrep_MDP0677.mzXML,sample,8,,Monimiaceae
molrep_MDP0614.mzXML,No,No,UT_Box:Metabolomic_Data_2020_Method/Madidi/Madidi_mzXML/MDP0614.mzXML,Mollinedia repanda,Mollinedia,/Users/dlforrister/Downloads/Test_Panama_New_Data/mzXML_Madidi/molrep_MDP0614.mzXML,molrep,PP_Tapuri_45,/Users/dlforrister/Downloads/Test_Panama_New_Data/mzXML_Madidi/molrep_MDP0614.mzXML,sample,8,,Monimiaceae
myr2fal_MDP0051.mzXML,Yes,Yes,UT_Box:Metabolomic_Data_2020_Method/Madidi/Madidi_mzXML/MDP0051.mzXML,Myrcia fallax,Myrcia,/Users/dlforrister/Downloads/Test_Panama_New_Data/mzXML_Madidi/myr2fal_MDP0051.mzXML,myr2fal,PP_Tintay_24,/Users/dlforrister/Downloads/Test_Panama_New_Data/mzXML_Madidi/myr2fal_MDP0051.mzXML,sample,6,,Myrtaceae
myr2fal_MDP0130.mzXML,Yes,Yes,UT_Box:Metabolomic_Data_2020_Method/Madidi/Madidi_mzXML/MDP0130.mzXML,Myrcia fallax,Myrcia,/Users/dlforrister/Downloads/Test_Panama_New_Data/mzXML_Madidi/myr2fal_MDP0130.mzXML,myr2fal,PP_Tintay_25,/Users/dlforrister/Downloads/Test_Panama_New_Data/mzXML_Madidi/myr2fal_MDP0130.mzXML,sample,6,,Myrtaceae
myr2fal_MDP0269.mzXML,Yes,Yes,UT_Box:Metabolomic_Data_2020_Method/Madidi/Madidi_mzXML/MDP0269.mzXML,Myrcia fallax,Myrcia,/Users/dlforrister/Downloads/Test_Panama_New_Data/mzXML_Madidi/myr2fal_MDP0269.mzXML,myr2fal,PP_Sumpul_34,/Users/dlforrister/Downloads/Test_Panama_New_Data/mzXML_Madidi/myr2fal_MDP0269.mzXML,sample,6,,Myrtaceae
myr2fal_MDP0360.mzXML,Yes,Yes,UT_Box:Metabolomic_Data_2020_Method/Madidi/Madidi_mzXML/MDP0360.mzXML,Myrcia fallax,Myrcia,/Users/dlforrister/Downloads/Test_Panama_New_Data/mzXML_Madidi/myr2fal_MDP0360.mzXML,myr2fal,PP_Lomaka_40,/Users/dlforrister/Downloads/Test_Panama_New_Data/mzXML_Madidi/myr2fal_MDP0360.mzXML,sample,6,,Myrtaceae
myr2fal_MDP0678.mzXML,Yes,Yes,UT_Box:Metabolomic_Data_2020_Method/Madidi/Madidi_mzXML/MDP0678.mzXML,Myrcia fallax,Myrcia,/Users/dlforrister/Downloads/Test_Panama_New_Data/mzXML_Madidi/myr2fal_MDP0678.mzXML,myr2fal,PP_Tocoaq_29,/Users/dlforrister/Downloads/Test_Panama_New_Data/mzXML_Madidi/myr2fal_MDP0678.mzXML,sample,6,,Myrtaceae
myr2fal_MDP0569.mzXML,Yes,Yes,UT_Box:Metabolomic_Data_2020_Method/Madidi/Madidi_mzXML/MDP0569.mzXML,Myrcia fallax,Myrcia,/Users/dlforrister/Downloads/Test_Panama_New_Data/mzXML_Madidi/myr2fal_MDP0569.mzXML,myr2fal,PP_Fuerte_27,/Users/dlforrister/Downloads/Test_Panama_New_Data/mzXML_Madidi/myr2fal_MDP0569.mzXML,sample,6,,Myrtaceae
myr2sin_MDP0270.mzXML,No,Yes,UT_Box:Metabolomic_Data_2020_Method/Madidi/Madidi_mzXML/MDP0270.mzXML,Myrcia sintenisii,Myrcia,/Users/dlforrister/Downloads/Test_Panama_New_Data/mzXML_Madidi/myr2sin_MDP0270.mzXML,myr2sin,PP_Sumpul_34,/Users/dlforrister/Downloads/Test_Panama_New_Data/mzXML_Madidi/myr2sin_MDP0270.mzXML,sample,8,,Myrtaceae
myr2sin_MDP0131.mzXML,No,Yes,UT_Box:Metabolomic_Data_2020_Method/Madidi/Madidi_mzXML/MDP0131.mzXML,Myrcia sintenisii,Myrcia,/Users/dlforrister/Downloads/Test_Panama_New_Data/mzXML_Madidi/myr2sin_MDP0131.mzXML,myr2sin,PP_Tintay_25,/Users/dlforrister/Downloads/Test_Panama_New_Data/mzXML_Madidi/myr2sin_MDP0131.mzXML,sample,8,,Myrtaceae
myr2sin_MDP0052.mzXML,No,No,UT_Box:Metabolomic_Data_2020_Method/Madidi/Madidi_mzXML/MDP0052.mzXML,Myrcia sintenisii,Myrcia,/Users/dlforrister/Downloads/Test_Panama_New_Data/mzXML_Madidi/myr2sin_MDP0052.mzXML,myr2sin,PP_Tintay_24,/Users/dlforrister/Downloads/Test_Panama_New_Data/mzXML_Madidi/myr2sin_MDP0052.mzXML,sample,8,,Myrtaceae
myr2sin_MDP0361.mzXML,No,Yes,UT_Box:Metabolomic_Data_2020_Method/Madidi/Madidi_mzXML/MDP0361.mzXML,Myrcia sintenisii,Myrcia,/Users/dlforrister/Downloads/Test_Panama_New_Data/mzXML_Madidi/myr2sin_MDP0361.mzXML,myr2sin,PP_Lomaka_40,/Users/dlforrister/Downloads/Test_Panama_New_Data/mzXML_Madidi/myr2sin_MDP0361.mzXML,sample,8,,Myrtaceae
myr2sin_MDP0442.mzXML,No,Yes,UT_Box:Metabolomic_Data_2020_Method/Madidi/Madidi_mzXML/MDP0442.mzXML,Myrcia sintenisii,Myrcia,/Users/dlforrister/Downloads/Test_Panama_New_Data/mzXML_Madidi/myr2sin_MDP0442.mzXML,myr2sin,PP_Tocoaq_30,/Users/dlforrister/Downloads/Test_Panama_New_Data/mzXML_Madidi/myr2sin_MDP0442.mzXML,sample,8,,Myrtaceae
myr2sin_MDP0506.mzXML,No,Yes,UT_Box:Metabolomic_Data_2020_Method/Madidi/Madidi_mzXML/MDP0506.mzXML,Myrcia sintenisii,Myrcia,/Users/dlforrister/Downloads/Test_Panama_New_Data/mzXML_Madidi/myr2sin_MDP0506.mzXML,myr2sin,PP_Tocoaq_28,/Users/dlforrister/Downloads/Test_Panama_New_Data/mzXML_Madidi/myr2sin_MDP0506.mzXML,sample,8,,Myrtaceae
myr2sin_MDP0571.mzXML,No,Yes,UT_Box:Metabolomic_Data_2020_Method/Madidi/Madidi_mzXML/MDP0571.mzXML,Myrcia sintenisii,Myrcia,/Users/dlforrister/Downloads/Test_Panama_New_Data/mzXML_Madidi/myr2sin_MDP0571.mzXML,myr2sin,PP_Fuerte_27,/Users/dlforrister/Downloads/Test_Panama_New_Data/mzXML_Madidi/myr2sin_MDP0571.mzXML,sample,8,,Myrtaceae
myr2sin_MDP0749.mzXML,No,Yes,UT_Box:Metabolomic_Data_2020_Method/Madidi/Madidi_mzXML/MDP0749.mzXML,Myrcia sintenisii,Myrcia,/Users/dlforrister/Downloads/Test_Panama_New_Data/mzXML_Madidi/myr2sin_MDP0749.mzXML,myr2sin,PP_Lomasa_39,/Users/dlforrister/Downloads/Test_Panama_New_Data/mzXML_Madidi/myr2sin_MDP0749.mzXML,sample,8,,Myrtaceae
myr8cor_MDP0444.mzXML,Yes,Yes,UT_Box:Metabolomic_Data_2020_Method/Madidi/Madidi_mzXML/MDP0444.mzXML,Myrsine coriacea,Myrsine,/Users/dlforrister/Downloads/Test_Panama_New_Data/mzXML_Madidi/myr8cor_MDP0444.mzXML,myr8cor,PP_Tocoaq_30,/Users/dlforrister/Downloads/Test_Panama_New_Data/mzXML_Madidi/myr8cor_MDP0444.mzXML,sample,5,,Primulaceae
myr8cor_MDP0214.mzXML,Yes,Yes,UT_Box:Metabolomic_Data_2020_Method/Madidi/Madidi_mzXML/MDP0214.mzXML,Myrsine coriacea,Myrsine,/Users/dlforrister/Downloads/Test_Panama_New_Data/mzXML_Madidi/myr8cor_MDP0214.mzXML,myr8cor,PP_Chaqui_32,/Users/dlforrister/Downloads/Test_Panama_New_Data/mzXML_Madidi/myr8cor_MDP0214.mzXML,sample,5,,Primulaceae
myr8cor_MDP0507.mzXML,Yes,Yes,UT_Box:Metabolomic_Data_2020_Method/Madidi/Madidi_mzXML/MDP0507.mzXML,Myrsine coriacea,Myrsine,/Users/dlforrister/Downloads/Test_Panama_New_Data/mzXML_Madidi/myr8cor_MDP0507.mzXML,myr8cor,PP_Tocoaq_28,/Users/dlforrister/Downloads/Test_Panama_New_Data/mzXML_Madidi/myr8cor_MDP0507.mzXML,sample,5,,Primulaceae
myr8cor_MDP0617.mzXML,Yes,Yes,UT_Box:Metabolomic_Data_2020_Method/Madidi/Madidi_mzXML/MDP0617.mzXML,Myrsine coriacea,Myrsine,/Users/dlforrister/Downloads/Test_Panama_New_Data/mzXML_Madidi/myr8cor_MDP0617.mzXML,myr8cor,PP_Tapuri_45,/Users/dlforrister/Downloads/Test_Panama_New_Data/mzXML_Madidi/myr8cor_MDP0617.mzXML,sample,5,,Primulaceae
myr8cor_MDP0679.mzXML,Yes,Yes,UT_Box:Metabolomic_Data_2020_Method/Madidi/Madidi_mzXML/MDP0679.mzXML,Myrsine coriacea,Myrsine,/Users/dlforrister/Downloads/Test_Panama_New_Data/mzXML_Madidi/myr8cor_MDP0679.mzXML,myr8cor,PP_Tocoaq_29,/Users/dlforrister/Downloads/Test_Panama_New_Data/mzXML_Madidi/myr8cor_MDP0679.mzXML,sample,5,,Primulaceae
myr8pel_MDP0053.mzXML,No,No,UT_Box:Metabolomic_Data_2020_Method/Madidi/Madidi_mzXML/MDP0053.mzXML,Myrsine pellucida,Myrsine,/Users/dlforrister/Downloads/Test_Panama_New_Data/mzXML_Madidi/myr8pel_MDP0053.mzXML,myr8pel,PP_Tintay_24,/Users/dlforrister/Downloads/Test_Panama_New_Data/mzXML_Madidi/myr8pel_MDP0053.mzXML,sample,5,,Primulaceae
myr8pel_MDP0445.mzXML,No,No,UT_Box:Metabolomic_Data_2020_Method/Madidi/Madidi_mzXML/MDP0445.mzXML,Myrsine pellucida,Myrsine,/Users/dlforrister/Downloads/Test_Panama_New_Data/mzXML_Madidi/myr8pel_MDP0445.mzXML,myr8pel,PP_Tocoaq_30,/Users/dlforrister/Downloads/Test_Panama_New_Data/mzXML_Madidi/myr8pel_MDP0445.mzXML,sample,5,,Primulaceae
myr8pel_MDP0508.mzXML,No,No,UT_Box:Metabolomic_Data_2020_Method/Madidi/Madidi_mzXML/MDP0508.mzXML,Myrsine pellucida,Myrsine,/Users/dlforrister/Downloads/Test_Panama_New_Data/mzXML_Madidi/myr8pel_MDP0508.mzXML,myr8pel,PP_Tocoaq_28,/Users/dlforrister/Downloads/Test_Panama_New_Data/mzXML_Madidi/myr8pel_MDP0508.mzXML,sample,5,,Primulaceae
myr8pel_MDP0574.mzXML,No,No,UT_Box:Metabolomic_Data_2020_Method/Madidi/Madidi_mzXML/MDP0574.mzXML,Myrsine pellucida,Myrsine,/Users/dlforrister/Downloads/Test_Panama_New_Data/mzXML_Madidi/myr8pel_MDP0574.mzXML,myr8pel,PP_Fuerte_27,/Users/dlforrister/Downloads/Test_Panama_New_Data/mzXML_Madidi/myr8pel_MDP0574.mzXML,sample,5,,Primulaceae
myr8pel_MDP0680.mzXML,No,No,UT_Box:Metabolomic_Data_2020_Method/Madidi/Madidi_mzXML/MDP0680.mzXML,Myrsine pellucida,Myrsine,/Users/dlforrister/Downloads/Test_Panama_New_Data/mzXML_Madidi/myr8pel_MDP0680.mzXML,myr8pel,PP_Tocoaq_29,/Users/dlforrister/Downloads/Test_Panama_New_Data/mzXML_Madidi/myr8pel_MDP0680.mzXML,sample,5,,Primulaceae
ocoaci_MDP0576.mzXML,Yes,Yes,UT_Box:Metabolomic_Data_2020_Method/Madidi/Madidi_mzXML/MDP0576.mzXML,Ocotea aciphylla,Ocotea,/Users/dlforrister/Downloads/Test_Panama_New_Data/mzXML_Madidi/ocoaci_MDP0576.mzXML,ocoaci,PP_Fuerte_27,/Users/dlforrister/Downloads/Test_Panama_New_Data/mzXML_Madidi/ocoaci_MDP0576.mzXML,sample,6,,Lauraceae
ocoaci_MDP0275.mzXML,Yes,Yes,UT_Box:Metabolomic_Data_2020_Method/Madidi/Madidi_mzXML/MDP0275.mzXML,Ocotea aciphylla,Ocotea,/Users/dlforrister/Downloads/Test_Panama_New_Data/mzXML_Madidi/ocoaci_MDP0275.mzXML,ocoaci,PP_Sumpul_34,/Users/dlforrister/Downloads/Test_Panama_New_Data/mzXML_Madidi/ocoaci_MDP0275.mzXML,sample,6,,Lauraceae
ocoaci_MDP0365.mzXML,Yes,Yes,UT_Box:Metabolomic_Data_2020_Method/Madidi/Madidi_mzXML/MDP0365.mzXML,Ocotea aciphylla,Ocotea,/Users/dlforrister/Downloads/Test_Panama_New_Data/mzXML_Madidi/ocoaci_MDP0365.mzXML,ocoaci,PP_Lomaka_40,/Users/dlforrister/Downloads/Test_Panama_New_Data/mzXML_Madidi/ocoaci_MDP0365.mzXML,sample,6,,Lauraceae
ocoaci_MDP0057.mzXML,Yes,Yes,UT_Box:Metabolomic_Data_2020_Method/Madidi/Madidi_mzXML/MDP0057.mzXML,Ocotea aciphylla,Ocotea,/Users/dlforrister/Downloads/Test_Panama_New_Data/mzXML_Madidi/ocoaci_MDP0057.mzXML,ocoaci,PP_Tintay_24,/Users/dlforrister/Downloads/Test_Panama_New_Data/mzXML_Madidi/ocoaci_MDP0057.mzXML,sample,6,,Lauraceae
ocoaci_MDP0134.mzXML,Yes,Yes,UT_Box:Metabolomic_Data_2020_Method/Madidi/Madidi_mzXML/MDP0134.mzXML,Ocotea aciphylla,Ocotea,/Users/dlforrister/Downloads/Test_Panama_New_Data/mzXML_Madidi/ocoaci_MDP0134.mzXML,ocoaci,PP_Tintay_25,/Users/dlforrister/Downloads/Test_Panama_New_Data/mzXML_Madidi/ocoaci_MDP0134.mzXML,sample,6,,Lauraceae
ocoaci_MDP0751.mzXML,Yes,Yes,UT_Box:Metabolomic_Data_2020_Method/Madidi/Madidi_mzXML/MDP0751.mzXML,Ocotea aciphylla,Ocotea,/Users/dlforrister/Downloads/Test_Panama_New_Data/mzXML_Madidi/ocoaci_MDP0751.mzXML,ocoaci,PP_Lomasa_39,/Users/dlforrister/Downloads/Test_Panama_New_Data/mzXML_Madidi/ocoaci_MDP0751.mzXML,sample,6,,Lauraceae
ocoalb1_MDP0447.mzXML,No,Yes,UT_Box:Metabolomic_Data_2020_Method/Madidi/Madidi_mzXML/MDP0447.mzXML,Ocotea albida,Ocotea,/Users/dlforrister/Downloads/Test_Panama_New_Data/mzXML_Madidi/ocoalb1_MDP0447.mzXML,ocoalb1,PP_Tocoaq_30,/Users/dlforrister/Downloads/Test_Panama_New_Data/mzXML_Madidi/ocoalb1_MDP0447.mzXML,sample,5,,Lauraceae
ocoalb1_MDP0510.mzXML,No,Yes,UT_Box:Metabolomic_Data_2020_Method/Madidi/Madidi_mzXML/MDP0510.mzXML,Ocotea albida,Ocotea,/Users/dlforrister/Downloads/Test_Panama_New_Data/mzXML_Madidi/ocoalb1_MDP0510.mzXML,ocoalb1,PP_Tocoaq_28,/Users/dlforrister/Downloads/Test_Panama_New_Data/mzXML_Madidi/ocoalb1_MDP0510.mzXML,sample,5,,Lauraceae
ocoalb1_MDP0578.mzXML,No,Yes,UT_Box:Metabolomic_Data_2020_Method/Madidi/Madidi_mzXML/MDP0578.mzXML,Ocotea albida,Ocotea,/Users/dlforrister/Downloads/Test_Panama_New_Data/mzXML_Madidi/ocoalb1_MDP0578.mzXML,ocoalb1,PP_Fuerte_27,/Users/dlforrister/Downloads/Test_Panama_New_Data/mzXML_Madidi/ocoalb1_MDP0578.mzXML,sample,5,,Lauraceae
ocoalb1_MDP0618.mzXML,No,Yes,UT_Box:Metabolomic_Data_2020_Method/Madidi/Madidi_mzXML/MDP0618.mzXML,Ocotea albida,Ocotea,/Users/dlforrister/Downloads/Test_Panama_New_Data/mzXML_Madidi/ocoalb1_MDP0618.mzXML,ocoalb1,PP_Tapuri_45,/Users/dlforrister/Downloads/Test_Panama_New_Data/mzXML_Madidi/ocoalb1_MDP0618.mzXML,sample,5,,Lauraceae
ocoalb1_MDP0684.mzXML,No,Yes,UT_Box:Metabolomic_Data_2020_Method/Madidi/Madidi_mzXML/MDP0684.mzXML,Ocotea albida,Ocotea,/Users/dlforrister/Downloads/Test_Panama_New_Data/mzXML_Madidi/ocoalb1_MDP0684.mzXML,ocoalb1,PP_Tocoaq_29,/Users/dlforrister/Downloads/Test_Panama_New_Data/mzXML_Madidi/ocoalb1_MDP0684.mzXML,sample,5,,Lauraceae
ocopub_MDP0060.mzXML,No,Yes,UT_Box:Metabolomic_Data_2020_Method/Madidi/Madidi_mzXML/MDP0060.mzXML,Ocotea puberula,Ocotea,/Users/dlforrister/Downloads/Test_Panama_New_Data/mzXML_Madidi/ocopub_MDP0060.mzXML,ocopub,PP_Tintay_24,/Users/dlforrister/Downloads/Test_Panama_New_Data/mzXML_Madidi/ocopub_MDP0060.mzXML,sample,6,,Lauraceae
ocopub_MDP0137.mzXML,No,Yes,UT_Box:Metabolomic_Data_2020_Method/Madidi/Madidi_mzXML/MDP0137.mzXML,Ocotea puberula,Ocotea,/Users/dlforrister/Downloads/Test_Panama_New_Data/mzXML_Madidi/ocopub_MDP0137.mzXML,ocopub,PP_Tintay_25,/Users/dlforrister/Downloads/Test_Panama_New_Data/mzXML_Madidi/ocopub_MDP0137.mzXML,sample,6,,Lauraceae
ocopub_MDP0369.mzXML,No,Yes,UT_Box:Metabolomic_Data_2020_Method/Madidi/Madidi_mzXML/MDP0369.mzXML,Ocotea puberula,Ocotea,/Users/dlforrister/Downloads/Test_Panama_New_Data/mzXML_Madidi/ocopub_MDP0369.mzXML,ocopub,PP_Lomaka_40,/Users/dlforrister/Downloads/Test_Panama_New_Data/mzXML_Madidi/ocopub_MDP0369.mzXML,sample,6,,Lauraceae
ocopub_MDP0514.mzXML,No,Yes,UT_Box:Metabolomic_Data_2020_Method/Madidi/Madidi_mzXML/MDP0514.mzXML,Ocotea puberula,Ocotea,/Users/dlforrister/Downloads/Test_Panama_New_Data/mzXML_Madidi/ocopub_MDP0514.mzXML,ocopub,PP_Tocoaq_28,/Users/dlforrister/Downloads/Test_Panama_New_Data/mzXML_Madidi/ocopub_MDP0514.mzXML,sample,6,,Lauraceae
ocopub_MDP0688.mzXML,No,Yes,UT_Box:Metabolomic_Data_2020_Method/Madidi/Madidi_mzXML/MDP0688.mzXML,Ocotea puberula,Ocotea,/Users/dlforrister/Downloads/Test_Panama_New_Data/mzXML_Madidi/ocopub_MDP0688.mzXML,ocopub,PP_Tocoaq_29,/Users/dlforrister/Downloads/Test_Panama_New_Data/mzXML_Madidi/ocopub_MDP0688.mzXML,sample,6,,Lauraceae
ocopub_MDP0756.mzXML,No,Yes,UT_Box:Metabolomic_Data_2020_Method/Madidi/Madidi_mzXML/MDP0756.mzXML,Ocotea puberula,Ocotea,/Users/dlforrister/Downloads/Test_Panama_New_Data/mzXML_Madidi/ocopub_MDP0756.mzXML,ocopub,PP_Lomasa_39,/Users/dlforrister/Downloads/Test_Panama_New_Data/mzXML_Madidi/ocopub_MDP0756.mzXML,sample,6,,Lauraceae
ple3tri_MDP0067.mzXML,No,No,UT_Box:Metabolomic_Data_2020_Method/Madidi/Madidi_mzXML/MDP0067.mzXML,Pleurothyrium trianae,Pleurothyrium,/Users/dlforrister/Downloads/Test_Panama_New_Data/mzXML_Madidi/ple3tri_MDP0067.mzXML,ple3tri,PP_Tintay_24,/Users/dlforrister/Downloads/Test_Panama_New_Data/mzXML_Madidi/ple3tri_MDP0067.mzXML,sample,5,,Lauraceae
ple3tri_MDP0283.mzXML,No,No,UT_Box:Metabolomic_Data_2020_Method/Madidi/Madidi_mzXML/MDP0283.mzXML,Pleurothyrium trianae,Pleurothyrium,/Users/dlforrister/Downloads/Test_Panama_New_Data/mzXML_Madidi/ple3tri_MDP0283.mzXML,ple3tri,PP_Sumpul_34,/Users/dlforrister/Downloads/Test_Panama_New_Data/mzXML_Madidi/ple3tri_MDP0283.mzXML,sample,5,,Lauraceae
ple3tri_MDP0143.mzXML,No,No,UT_Box:Metabolomic_Data_2020_Method/Madidi/Madidi_mzXML/MDP0143.mzXML,Pleurothyrium trianae,Pleurothyrium,/Users/dlforrister/Downloads/Test_Panama_New_Data/mzXML_Madidi/ple3tri_MDP0143.mzXML,ple3tri,PP_Tintay_25,/Users/dlforrister/Downloads/Test_Panama_New_Data/mzXML_Madidi/ple3tri_MDP0143.mzXML,sample,5,,Lauraceae
ple3tri_MDP0374.mzXML,No,No,UT_Box:Metabolomic_Data_2020_Method/Madidi/Madidi_mzXML/MDP0374.mzXML,Pleurothyrium trianae,Pleurothyrium,/Users/dlforrister/Downloads/Test_Panama_New_Data/mzXML_Madidi/ple3tri_MDP0374.mzXML,ple3tri,PP_Lomaka_40,/Users/dlforrister/Downloads/Test_Panama_New_Data/mzXML_Madidi/ple3tri_MDP0374.mzXML,sample,5,,Lauraceae
ple3tri_MDP0762.mzXML,No,No,UT_Box:Metabolomic_Data_2020_Method/Madidi/Madidi_mzXML/MDP0762.mzXML,Pleurothyrium trianae,Pleurothyrium,/Users/dlforrister/Downloads/Test_Panama_New_Data/mzXML_Madidi/ple3tri_MDP0762.mzXML,ple3tri,PP_Lomasa_39,/Users/dlforrister/Downloads/Test_Panama_New_Data/mzXML_Madidi/ple3tri_MDP0762.mzXML,sample,5,,Lauraceae
pou2bic_MDP0284.mzXML,Yes,Yes,UT_Box:Metabolomic_Data_2020_Method/Madidi/Madidi_mzXML/MDP0284.mzXML,Pourouma bicolor,Pourouma,/Users/dlforrister/Downloads/Test_Panama_New_Data/mzXML_Madidi/pou2bic_MDP0284.mzXML,pou2bic,PP_Sumpul_34,/Users/dlforrister/Downloads/Test_Panama_New_Data/mzXML_Madidi/pou2bic_MDP0284.mzXML,sample,5,,Urticaceae
pou2bic_MDP0375.mzXML,Yes,Yes,UT_Box:Metabolomic_Data_2020_Method/Madidi/Madidi_mzXML/MDP0375.mzXML,Pourouma bicolor,Pourouma,/Users/dlforrister/Downloads/Test_Panama_New_Data/mzXML_Madidi/pou2bic_MDP0375.mzXML,pou2bic,PP_Lomaka_40,/Users/dlforrister/Downloads/Test_Panama_New_Data/mzXML_Madidi/pou2bic_MDP0375.mzXML,sample,5,,Urticaceae
pou2bic_MDP0144.mzXML,Yes,Yes,UT_Box:Metabolomic_Data_2020_Method/Madidi/Madidi_mzXML/MDP0144.mzXML,Pourouma bicolor,Pourouma,/Users/dlforrister/Downloads/Test_Panama_New_Data/mzXML_Madidi/pou2bic_MDP0144.mzXML,pou2bic,PP_Tintay_25,/Users/dlforrister/Downloads/Test_Panama_New_Data/mzXML_Madidi/pou2bic_MDP0144.mzXML,sample,5,,Urticaceae
pou2bic_MDP0068.mzXML,Yes,Yes,UT_Box:Metabolomic_Data_2020_Method/Madidi/Madidi_mzXML/MDP0068.mzXML,Pourouma bicolor,Pourouma,/Users/dlforrister/Downloads/Test_Panama_New_Data/mzXML_Madidi/pou2bic_MDP0068.mzXML,pou2bic,PP_Tintay_24,/Users/dlforrister/Downloads/Test_Panama_New_Data/mzXML_Madidi/pou2bic_MDP0068.mzXML,sample,5,,Urticaceae
pou2bic_MDP0764.mzXML,Yes,Yes,UT_Box:Metabolomic_Data_2020_Method/Madidi/Madidi_mzXML/MDP0764.mzXML,Pourouma bicolor,Pourouma,/Users/dlforrister/Downloads/Test_Panama_New_Data/mzXML_Madidi/pou2bic_MDP0764.mzXML,pou2bic,PP_Lomasa_39,/Users/dlforrister/Downloads/Test_Panama_New_Data/mzXML_Madidi/pou2bic_MDP0764.mzXML,sample,5,,Urticaceae
pou3bil_MDP0070.mzXML,No,Yes,UT_Box:Metabolomic_Data_2020_Method/Madidi/Madidi_mzXML/MDP0070.mzXML,Pouteria bilocularis,Pouteria,/Users/dlforrister/Downloads/Test_Panama_New_Data/mzXML_Madidi/pou3bil_MDP0070.mzXML,pou3bil,PP_Tintay_24,/Users/dlforrister/Downloads/Test_Panama_New_Data/mzXML_Madidi/pou3bil_MDP0070.mzXML,sample,5,,Sapotaceae
pou3bil_MDP0286.mzXML,No,Yes,UT_Box:Metabolomic_Data_2020_Method/Madidi/Madidi_mzXML/MDP0286.mzXML,Pouteria bilocularis,Pouteria,/Users/dlforrister/Downloads/Test_Panama_New_Data/mzXML_Madidi/pou3bil_MDP0286.mzXML,pou3bil,PP_Sumpul_34,/Users/dlforrister/Downloads/Test_Panama_New_Data/mzXML_Madidi/pou3bil_MDP0286.mzXML,sample,5,,Sapotaceae
pou3bil_MDP0147.mzXML,No,Yes,UT_Box:Metabolomic_Data_2020_Method/Madidi/Madidi_mzXML/MDP0147.mzXML,Pouteria bilocularis,Pouteria,/Users/dlforrister/Downloads/Test_Panama_New_Data/mzXML_Madidi/pou3bil_MDP0147.mzXML,pou3bil,PP_Tintay_25,/Users/dlforrister/Downloads/Test_Panama_New_Data/mzXML_Madidi/pou3bil_MDP0147.mzXML,sample,5,,Sapotaceae
pou3bil_MDP0378.mzXML,No,Yes,UT_Box:Metabolomic_Data_2020_Method/Madidi/Madidi_mzXML/MDP0378.mzXML,Pouteria bilocularis,Pouteria,/Users/dlforrister/Downloads/Test_Panama_New_Data/mzXML_Madidi/pou3bil_MDP0378.mzXML,pou3bil,PP_Lomaka_40,/Users/dlforrister/Downloads/Test_Panama_New_Data/mzXML_Madidi/pou3bil_MDP0378.mzXML,sample,5,,Sapotaceae
pou3bil_MDP0766.mzXML,No,Yes,UT_Box:Metabolomic_Data_2020_Method/Madidi/Madidi_mzXML/MDP0766.mzXML,Pouteria bilocularis,Pouteria,/Users/dlforrister/Downloads/Test_Panama_New_Data/mzXML_Madidi/pou3bil_MDP0766.mzXML,pou3bil,PP_Lomasa_39,/Users/dlforrister/Downloads/Test_Panama_New_Data/mzXML_Madidi/pou3bil_MDP0766.mzXML,sample,5,,Sapotaceae
pru2sti_MDP0588.mzXML,No,Yes,UT_Box:Metabolomic_Data_2020_Method/Madidi/Madidi_mzXML/MDP0588.mzXML,Prunus stipulata,Prunus,/Users/dlforrister/Downloads/Test_Panama_New_Data/mzXML_Madidi/pru2sti_MDP0588.mzXML,pru2sti,PP_Fuerte_27,/Users/dlforrister/Downloads/Test_Panama_New_Data/mzXML_Madidi/pru2sti_MDP0588.mzXML,sample,5,,Rosaceae
pru2sti_MDP0455.mzXML,No,Yes,UT_Box:Metabolomic_Data_2020_Method/Madidi/Madidi_mzXML/MDP0455.mzXML,Prunus stipulata,Prunus,/Users/dlforrister/Downloads/Test_Panama_New_Data/mzXML_Madidi/pru2sti_MDP0455.mzXML,pru2sti,PP_Tocoaq_30,/Users/dlforrister/Downloads/Test_Panama_New_Data/mzXML_Madidi/pru2sti_MDP0455.mzXML,sample,5,,Rosaceae
pru2sti_MDP0074.mzXML,No,Yes,UT_Box:Metabolomic_Data_2020_Method/Madidi/Madidi_mzXML/MDP0074.mzXML,Prunus stipulata,Prunus,/Users/dlforrister/Downloads/Test_Panama_New_Data/mzXML_Madidi/pru2sti_MDP0074.mzXML,pru2sti,PP_Tintay_24,/Users/dlforrister/Downloads/Test_Panama_New_Data/mzXML_Madidi/pru2sti_MDP0074.mzXML,sample,5,,Rosaceae
pru2sti_MDP0152.mzXML,No,Yes,UT_Box:Metabolomic_Data_2020_Method/Madidi/Madidi_mzXML/MDP0152.mzXML,Prunus stipulata,Prunus,/Users/dlforrister/Downloads/Test_Panama_New_Data/mzXML_Madidi/pru2sti_MDP0152.mzXML,pru2sti,PP_Tintay_25,/Users/dlforrister/Downloads/Test_Panama_New_Data/mzXML_Madidi/pru2sti_MDP0152.mzXML,sample,5,,Rosaceae
pru2sti_MDP0698.mzXML,No,Yes,UT_Box:Metabolomic_Data_2020_Method/Madidi/Madidi_mzXML/MDP0698.mzXML,Prunus stipulata,Prunus,/Users/dlforrister/Downloads/Test_Panama_New_Data/mzXML_Madidi/pru2sti_MDP0698.mzXML,pru2sti,PP_Tocoaq_29,/Users/dlforrister/Downloads/Test_Panama_New_Data/mzXML_Madidi/pru2sti_MDP0698.mzXML,sample,5,,Rosaceae
sch4obo_MDP0079.mzXML,Yes,Yes,UT_Box:Metabolomic_Data_2020_Method/Madidi/Madidi_mzXML/MDP0079.mzXML,Schizocalyx obovatus,Schizocalyx,/Users/dlforrister/Downloads/Test_Panama_New_Data/mzXML_Madidi/sch4obo_MDP0079.mzXML,sch4obo,PP_Tintay_24,/Users/dlforrister/Downloads/Test_Panama_New_Data/mzXML_Madidi/sch4obo_MDP0079.mzXML,sample,5,,Rubiaceae
sch4obo_MDP0293.mzXML,Yes,Yes,UT_Box:Metabolomic_Data_2020_Method/Madidi/Madidi_mzXML/MDP0293.mzXML,Schizocalyx obovatus,Schizocalyx,/Users/dlforrister/Downloads/Test_Panama_New_Data/mzXML_Madidi/sch4obo_MDP0293.mzXML,sch4obo,PP_Sumpul_34,/Users/dlforrister/Downloads/Test_Panama_New_Data/mzXML_Madidi/sch4obo_MDP0293.mzXML,sample,5,,Rubiaceae
sch4obo_MDP0156.mzXML,Yes,Yes,UT_Box:Metabolomic_Data_2020_Method/Madidi/Madidi_mzXML/MDP0156.mzXML,Schizocalyx obovatus,Schizocalyx,/Users/dlforrister/Downloads/Test_Panama_New_Data/mzXML_Madidi/sch4obo_MDP0156.mzXML,sch4obo,PP_Tintay_25,/Users/dlforrister/Downloads/Test_Panama_New_Data/mzXML_Madidi/sch4obo_MDP0156.mzXML,sample,5,,Rubiaceae
sch4obo_MDP0394.mzXML,Yes,Yes,UT_Box:Metabolomic_Data_2020_Method/Madidi/Madidi_mzXML/MDP0394.mzXML,Schizocalyx obovatus,Schizocalyx,/Users/dlforrister/Downloads/Test_Panama_New_Data/mzXML_Madidi/sch4obo_MDP0394.mzXML,sch4obo,PP_Lomaka_40,/Users/dlforrister/Downloads/Test_Panama_New_Data/mzXML_Madidi/sch4obo_MDP0394.mzXML,sample,5,,Rubiaceae
sch4obo_MDP0772.mzXML,Yes,Yes,UT_Box:Metabolomic_Data_2020_Method/Madidi/Madidi_mzXML/MDP0772.mzXML,Schizocalyx obovatus,Schizocalyx,/Users/dlforrister/Downloads/Test_Panama_New_Data/mzXML_Madidi/sch4obo_MDP0772.mzXML,sch4obo,PP_Lomasa_39,/Users/dlforrister/Downloads/Test_Panama_New_Data/mzXML_Madidi/sch4obo_MDP0772.mzXML,sample,5,,Rubiaceae
sim1ama_MDP0395.mzXML,No,Yes,UT_Box:Metabolomic_Data_2020_Method/Madidi/Madidi_mzXML/MDP0395.mzXML,Simarouba amara,Simarouba,/Users/dlforrister/Downloads/Test_Panama_New_Data/mzXML_Madidi/sim1ama_MDP0395.mzXML,sim1ama,PP_Lomaka_40,/Users/dlforrister/Downloads/Test_Panama_New_Data/mzXML_Madidi/sim1ama_MDP0395.mzXML,sample,5,,Simaroubaceae
sim1ama_MDP0295.mzXML,No,Yes,UT_Box:Metabolomic_Data_2020_Method/Madidi/Madidi_mzXML/MDP0295.mzXML,Simarouba amara,Simarouba,/Users/dlforrister/Downloads/Test_Panama_New_Data/mzXML_Madidi/sim1ama_MDP0295.mzXML,sim1ama,PP_Sumpul_34,/Users/dlforrister/Downloads/Test_Panama_New_Data/mzXML_Madidi/sim1ama_MDP0295.mzXML,sample,5,,Simaroubaceae
sim1ama_MDP0593.mzXML,No,Yes,UT_Box:Metabolomic_Data_2020_Method/Madidi/Madidi_mzXML/MDP0593.mzXML,Simarouba amara,Simarouba,/Users/dlforrister/Downloads/Test_Panama_New_Data/mzXML_Madidi/sim1ama_MDP0593.mzXML,sim1ama,PP_Fuerte_27,/Users/dlforrister/Downloads/Test_Panama_New_Data/mzXML_Madidi/sim1ama_MDP0593.mzXML,sample,5,,Simaroubaceae
sim1ama_MDP0080.mzXML,No,Yes,UT_Box:Metabolomic_Data_2020_Method/Madidi/Madidi_mzXML/MDP0080.mzXML,Simarouba amara,Simarouba,/Users/dlforrister/Downloads/Test_Panama_New_Data/mzXML_Madidi/sim1ama_MDP0080.mzXML,sim1ama,PP_Tintay_24,/Users/dlforrister/Downloads/Test_Panama_New_Data/mzXML_Madidi/sim1ama_MDP0080.mzXML,sample,5,,Simaroubaceae
sim1ama_MDP0773.mzXML,No,Yes,UT_Box:Metabolomic_Data_2020_Method/Madidi/Madidi_mzXML/MDP0773.mzXML,Simarouba amara,Simarouba,/Users/dlforrister/Downloads/Test_Panama_New_Data/mzXML_Madidi/sim1ama_MDP0773.mzXML,sim1ama,PP_Lomasa_39,/Users/dlforrister/Downloads/Test_Panama_New_Data/mzXML_Madidi/sim1ama_MDP0773.mzXML,sample,5,,Simaroubaceae
tap1gui_MDP0084.mzXML,No,Yes,UT_Box:Metabolomic_Data_2020_Method/Madidi/Madidi_mzXML/MDP0084.mzXML,Tapirira guianensis,Tapirira,/Users/dlforrister/Downloads/Test_Panama_New_Data/mzXML_Madidi/tap1gui_MDP0084.mzXML,tap1gui,PP_Tintay_24,/Users/dlforrister/Downloads/Test_Panama_New_Data/mzXML_Madidi/tap1gui_MDP0084.mzXML,sample,5,,Anacardiaceae
tap1gui_MDP0300.mzXML,No,Yes,UT_Box:Metabolomic_Data_2020_Method/Madidi/Madidi_mzXML/MDP0300.mzXML,Tapirira guianensis,Tapirira,/Users/dlforrister/Downloads/Test_Panama_New_Data/mzXML_Madidi/tap1gui_MDP0300.mzXML,tap1gui,PP_Sumpul_34,/Users/dlforrister/Downloads/Test_Panama_New_Data/mzXML_Madidi/tap1gui_MDP0300.mzXML,sample,5,,Anacardiaceae
tap1gui_MDP0596.mzXML,No,Yes,UT_Box:Metabolomic_Data_2020_Method/Madidi/Madidi_mzXML/MDP0596.mzXML,Tapirira guianensis,Tapirira,/Users/dlforrister/Downloads/Test_Panama_New_Data/mzXML_Madidi/tap1gui_MDP0596.mzXML,tap1gui,PP_Fuerte_27,/Users/dlforrister/Downloads/Test_Panama_New_Data/mzXML_Madidi/tap1gui_MDP0596.mzXML,sample,5,,Anacardiaceae
tap1gui_MDP0406.mzXML,No,Yes,UT_Box:Metabolomic_Data_2020_Method/Madidi/Madidi_mzXML/MDP0406.mzXML,Tapirira guianensis,Tapirira,/Users/dlforrister/Downloads/Test_Panama_New_Data/mzXML_Madidi/tap1gui_MDP0406.mzXML,tap1gui,PP_Lomaka_40,/Users/dlforrister/Downloads/Test_Panama_New_Data/mzXML_Madidi/tap1gui_MDP0406.mzXML,sample,5,,Anacardiaceae
tap1gui_MDP0781.mzXML,No,Yes,UT_Box:Metabolomic_Data_2020_Method/Madidi/Madidi_mzXML/MDP0781.mzXML,Tapirira guianensis,Tapirira,/Users/dlforrister/Downloads/Test_Panama_New_Data/mzXML_Madidi/tap1gui_MDP0781.mzXML,tap1gui,PP_Lomasa_39,/Users/dlforrister/Downloads/Test_Panama_New_Data/mzXML_Madidi/tap1gui_MDP0781.mzXML,sample,5,,Anacardiaceae
weilec_MDP0526.mzXML,Yes,Yes,UT_Box:Metabolomic_Data_2020_Method/Madidi/Madidi_mzXML/MDP0526.mzXML,Weinmannia lechleriana,Weinmannia,/Users/dlforrister/Downloads/Test_Panama_New_Data/mzXML_Madidi/weilec_MDP0526.mzXML,weilec,PP_Tocoaq_28,/Users/dlforrister/Downloads/Test_Panama_New_Data/mzXML_Madidi/weilec_MDP0526.mzXML,sample,5,,Cunoniaceae
weilec_MDP0599.mzXML,Yes,Yes,UT_Box:Metabolomic_Data_2020_Method/Madidi/Madidi_mzXML/MDP0599.mzXML,Weinmannia lechleriana,Weinmannia,/Users/dlforrister/Downloads/Test_Panama_New_Data/mzXML_Madidi/weilec_MDP0599.mzXML,weilec,PP_Fuerte_27,/Users/dlforrister/Downloads/Test_Panama_New_Data/mzXML_Madidi/weilec_MDP0599.mzXML,sample,5,,Cunoniaceae
weilec_MDP0160.mzXML,Yes,Yes,UT_Box:Metabolomic_Data_2020_Method/Madidi/Madidi_mzXML/MDP0160.mzXML,Weinmannia lechleriana,Weinmannia,/Users/dlforrister/Downloads/Test_Panama_New_Data/mzXML_Madidi/weilec_MDP0160.mzXML,weilec,PP_Tintay_25,/Users/dlforrister/Downloads/Test_Panama_New_Data/mzXML_Madidi/weilec_MDP0160.mzXML,sample,5,,Cunoniaceae
weilec_MDP0087.mzXML,Yes,Yes,UT_Box:Metabolomic_Data_2020_Method/Madidi/Madidi_mzXML/MDP0087.mzXML,Weinmannia lechleriana,Weinmannia,/Users/dlforrister/Downloads/Test_Panama_New_Data/mzXML_Madidi/weilec_MDP0087.mzXML,weilec,PP_Tintay_24,/Users/dlforrister/Downloads/Test_Panama_New_Data/mzXML_Madidi/weilec_MDP0087.mzXML,sample,5,,Cunoniaceae
weilec_MDP0703.mzXML,Yes,Yes,UT_Box:Metabolomic_Data_2020_Method/Madidi/Madidi_mzXML/MDP0703.mzXML,Weinmannia lechleriana,Weinmannia,/Users/dlforrister/Downloads/Test_Panama_New_Data/mzXML_Madidi/weilec_MDP0703.mzXML,weilec,PP_Tocoaq_29,/Users/dlforrister/Downloads/Test_Panama_New_Data/mzXML_Madidi/weilec_MDP0703.mzXML,sample,5,,Cunoniaceae
I1_C1_1.mzML,Standard,Standard,,stanard1,stanard1,/Users/dlforrister/Downloads/Test_Panama_New_Data/mzXML_Madidi/I1_C1_1.mzML,stanard1,,/Users/dlforrister/Downloads/Test_Panama_New_Data/mzXML_Madidi/I1_C1_1.mzML,standard,5,,standard
I1_C2_1.mzML,Standard,Standard,,stanard2,stanard2,/Users/dlforrister/Downloads/Test_Panama_New_Data/mzXML_Madidi/I1_C2_1.mzML,stanard2,,/Users/dlforrister/Downloads/Test_Panama_New_Data/mzXML_Madidi/I1_C2_1.mzML,standard,5,,standard